Year;Crime Type;Male 12-14	;Female 12-14	;Male 15-17;Female 15-17;Male 18-24	;Female 18-24	;Male 25-34;Female 25-34;Male 35-44;Female 35-44;Male 45-54;Female 45-54;Male 55-64;Female 55-64;Male 65 +;Female 65 +;Male Unknown;Female Unknown
2020;Homicide;32.0;1.0;  320;2.0; 1 580;  44; 1 817;56.0; 1 203;38.0;  619;18.0;  272;3.0;71.0;2.0;2.0;
2020;Assault;19.0;;  329;11.0; 9 105;  191; 15 037;388.0; 9 413;285.0; 4 087;114.0; 1 197;38.0;223.0;5.0;3.0;
2020;Sexual crimes;174.0;1.0;  393;4.0; 1 073;  6; 1 273;7.0;  952;7.0;  618;4.0;  289;;88.0;;1.0;
2020;Kidnapping;69.0;;  281;8.0; 1 481;  39; 1 583;59.0;  769;34.0;  295;21.0;  76;8.0;26.0;;;
2020;Defamation;1.0;;  6;;  571;  41; 1 442;67.0; 1 261;71.0;  630;32.0;  172;9.0;27.0;2.0;2.0;
2020;Theft;884.0;49.0; 4 401;138.0; 15 557;  889; 10 206;824.0; 3 988;447.0; 1 276;183.0;  308;66.0;49.0;10.0;4.0;
2020;Robbery;268.0;9.0; 1 199;22.0; 2 734;  85; 1 919;80.0;  722;44.0;  185;17.0;  53;3.0;6.0;2.0;1.0;
2020;Swindling;;;  50;2.0; 1 439;  105; 2 967;186.0; 2 476;149.0; 1 126;71.0;  310;23.0;53.0;1.0;;
2020;Production and commerce of drugs;27.0;9.0;  311;24.0; 3 442;  168; 4 370;238.0; 2 190;158.0;  891;79.0;  262;29.0;40.0;3.0;;
2020;Use and purchase of drugs;3.0;;  249;19.0; 4 345;  110; 4 741;87.0; 1 421;28.0;  309;5.0;  52;;4.0;;1.0;
2020;Forgery;2.0;1.0;  18;5.0;  696;  63; 2 065;107.0; 2 062;92.0; 1 126;45.0;  322;8.0;38.0;;;
2020;Bad treatment;1.0;;  1;;  7;  11;  36;32.0;  20;12.0;  14;3.0;  2;3.0;;;;
2020;Embezzlement;;;;;  5;  1;  26;5.0;  83;10.0;  52;6.0;  19;1.0;1.0;;;
2020;Bribery;;;;;  17;;  30;;  33;;  21;;  8;;;;;
2020;Smuggling;;;  12;;  446;  7; 1 104;27.0;  954;22.0;  545;26.0;  211;8.0;46.0;3.0;;
2020;Traffic crimes;;;  13;; 1 820;  21; 5 323;91.0; 4 654;70.0; 2 480;13.0;  812;;65.0;;1.0;
2020;Forestry crimes;;;;;  19;  1;  132;6.0;  166;6.0;  186;5.0;  115;3.0;32.0;1.0;;
2020;Crimes related with firearms and knifes;4.0;;  32;; 1 996;  27; 3 413;35.0; 2 162;17.0;  808;2.0;  254;3.0;47.0;1.0;;
2020;Opposition  to the  Bankruptcy   and Enforcement Law;;;  3;;  448;  35; 3 292;168.0; 5 078;258.0; 2 992;145.0;  982;44.0;204.0;12.0;2.0;1.0
2020;Opposition to the Military  Criminal Law;3.0;;  2;; 3 719;;  407;;  67;;  13;;;;1.0;;;
2020;Threat;9.0;1.0;  128;1.0; 1 672;  55; 3 175;106.0; 2 308;96.0; 1 130;42.0;  406;11.0;73.0;3.0;;
2020;Damage to property;1.0;;  27;2.0;  706;  36;  808;35.0;  446;27.0;  192;10.0;  38;1.0;4.0;5.0;;
2020;Prevention of performance;;;  25;1.0; 1 361;  39; 1 499;51.0;  818;28.0;  329;3.0;  61;3.0;9.0;;;
2020;Contrary to the measures for family protection;2.0;;  17;2.0;  585;  21; 1 917;54.0; 1 982;30.0;  928;15.0;  255;7.0;74.0;3.0;;
2020;Other crimes;29.0;3.0;  556;17.0; 6 948;  448; 15 216;935.0; 11 510;643.0; 5 188;255.0; 1 461;63.0;261.0;19.0;2.0;
2020;Unknown;;;1;;10;;73;1.0;74;4.0;  51 ;;23;;4.0;1.0;;
2019;Homicide;62.0;4.0;  608;11.0; 2 689;  75; 3 129;71.0; 1 616;45.0;  821;22.0;  339;5.0;74.0;2.0;1.0;
2019;Assault;46.0;2.0;  413;2.0; 7 958;  184; 12 123;358.0; 8 351;250.0; 3 745;117.0; 1 123;32.0;184.0;8.0;1.0;
2019;Sexual crimes;245.0;;  624;6.0; 1 325;  3; 1 520;13.0; 1 059;12.0;  575;4.0;  296;2.0;110.0;2.0;4.0;
2019;Kidnapping;29.0;;  128;6.0;  999;  25; 1 108;32.0;  493;34.0;  207;16.0;  65;5.0;26.0;;;
2019;Defamation;;;  3;;  630;  50; 1 322;93.0; 1 202;59.0;  611;29.0;  187;11.0;39.0;1.0;;
2019;Theft;905.0;45.0; 4 466;143.0; 17 225;  953; 11 242;837.0; 4 326;475.0; 1 486;194.0;  322;61.0;61.0;3.0;7.0;1.0
2019;Robbery;560.0;12.0; 2 443;35.0; 5 199;  119; 3 335;101.0; 1 095;48.0;  272;10.0;  53;2.0;12.0;;4.0;
2019;Swindling;1.0;;  50;2.0; 1 248;  82; 2 741;129.0; 2 245;115.0;  947;65.0;  260;17.0;42.0;3.0;;
2019;Production and commerce of drugs;95.0;7.0;  767;43.0; 5 910;  268; 7 236;318.0; 3 206;184.0; 1 176;105.0;  338;36.0;49.0;7.0;3.0;
2019;Use and purchase of drugs;2.0;;  275;23.0; 5 128;  134; 4 559;89.0; 1 360;23.0;  283;5.0;  55;;7.0;;1.0;
2019;Forgery;3.0;;  43;7.0; 1 035;  73; 2 965;110.0; 2 528;79.0; 1 195;47.0;  346;14.0;46.0;1.0;1.0;
2019;Bad treatment;;;  5;;  9;  16;  28;27.0;  24;7.0;  13;4.0;  8;;;;;
2019;Embezzlement;;;;;  3;  1;  43;2.0;  84;6.0;  61;1.0;  9;;;;;
2019;Bribery;;;;;  19;;  48;2.0;  51;;  28;;  10;;;;;
2019;Smuggling;2.0;;  39;; 1 268;  24; 2 894;46.0; 2 074;80.0; 1 171;43.0;  396;20.0;54.0;;;
2019;Traffic crimes;;;  4;; 1 335;  22; 3 710;72.0; 3 377;33.0; 1 990;8.0;  608;;60.0;;;
2019;Forestry crimes;;;  1;;  46;  1;  131;4.0;  225;9.0;  252;10.0;  136;4.0;25.0;;;
2019;Crimes related with firearms and knifes;4.0;;  28;; 1 538;  31; 2 799;34.0; 1 699;19.0;  679;3.0;  199;3.0;42.0;;;
2019;Opposition  to the  Bankruptcy   and Enforcement Law;2.0;;  3;;  624;  50; 3 932;205.0; 5 560;281.0; 3 154;174.0;  977;50.0;204.0;14.0;3.0;
2019;Opposition to the Military Criminal Law;;;;; 2 887;;  307;;  45;;  12;;;;;;;
2019;Threat;8.0;1.0;  200;6.0; 2 662;  64; 5 030;128.0; 3 649;122.0; 1 738;61.0;  467;19.0;77.0;1.0;2.0;
2019;Damage to property;1.0;;  37;;  915;  22; 1 048;45.0;  515;29.0;  193;14.0;  54;;10.0;1.0;;
2019;Prevention of performance;;;  10;1.0; 1 023;  43; 1 417;49.0;  770;36.0;  281;21.0;  66;2.0;8.0;;;
2019;Contrary to the measures for family protection;3.0;;  12;;  534;  17; 1 601;34.0; 1 704;51.0;  824;22.0;  251;7.0;59.0;3.0;;
2019;Other crimes;29.0;;  488;15.0; 7 418;  511; 16 314;972.0; 12 896;736.0; 5 842;273.0; 1 602;94.0;269.0;22.0;;1.0
2019;Unknown;;;;;2;;9;;20;;  12 ;;2;;;;;
2018;Homicide;63.0;3.0;  587;15.0; 2 761;  62; 3 071;77.0; 1 460;56.0;  763;14.0;  307;6.0;85.0;1.0;;1.0
2018;Assault;34.0;;  421;6.0; 7 800;  160; 11 683;253.0; 7 615;225.0; 3 472;89.0; 1 043;18.0;189.0;3.0;2.0;
2018;Sexual crimes;287.0;;  602;6.0; 1 481;  12; 1 396;13.0; 1 005;11.0;  564;4.0;  288;1.0;98.0;1.0;5.0;
2018;Kidnapping;40.0;1.0;  176;3.0; 1 096;  47; 1 243;40.0;  630;22.0;  228;13.0;  62;3.0;20.0;1.0;2.0;
2018;Defamation;;;  2;;  629;  41; 1 429;71.0; 1 162;71.0;  624;35.0;  184;14.0;33.0;2.0;;
2018;Theft;921.0;59.0; 5 191;174.0; 18 955; 1 001; 11 772;806.0; 4 206;448.0; 1 330;182.0;  280;38.0;49.0;3.0;4.0;1.0
2018;Robbery;697.0;12.0; 2 844;43.0; 5 978;  139; 3 835;107.0; 1 209;51.0;  322;7.0;  54;3.0;6.0;;2.0;
2018;Swindling;1.0;;  46;; 1 104;  77; 2 713;115.0; 2 395;92.0; 1 023;55.0;  318;12.0;51.0;3.0;1.0;
2018;Production and commerce of drugs;90.0;8.0;  786;33.0; 5 589;  176; 6 438;259.0; 2 833;144.0; 1 036;90.0;  335;28.0;46.0;10.0;1.0;
2018;Use and purchase of drugs;4.0;;  244;10.0; 4 688;  102; 3 841;65.0; 1 091;17.0;  250;2.0;  58;;3.0;;;
2018;Forgery;;1.0;  42;8.0; 1 150;  66; 3 222;124.0; 2 648;79.0; 1 269;44.0;  284;17.0;34.0;2.0;;
2018;Bad treatment;;;  9;;  11;  4;  18;16.0;  21;13.0;  9;;  3;2.0;;;;
2018;Embezzlement;;;;;  4;;  41;2.0;  98;2.0;  56;2.0;  10;2.0;3.0;;;
2018;Bribery;;;;1.0;  27;;  57;1.0;  52;1.0;  24;;  12;;;;;
2018;Smuggling;2.0;;  49;; 1 641;  18; 3 342;58.0; 2 568;73.0; 1 295;53.0;  471;17.0;75.0;3.0;;
2018;Traffic crimes;;;  5;;  903;  14; 2 704;64.0; 2 491;26.0; 1 526;8.0;  413;;31.0;;;
2018;Forestry crimes;;;  1;;  31;  1;  127;5.0;  173;15.0;  182;13.0;  89;11.0;22.0;1.0;;
2018;Crimes related with firearms and knifes;1.0;;  22;3.0; 1 376;  21; 2 471;24.0; 1 523;14.0;  587;7.0;  192;1.0;37.0;;1.0;
2018;Opposition  to the  Bankruptcy   and Enforcement Law;1.0;;  1;;  658;  74; 4 136;229.0; 5 535;294.0; 3 127;148.0;  930;61.0;171.0;17.0;;
2018;Opposition to the Military Criminal Law;;;  3;; 1 753;;  242;;  37;;  5;;;;;;1.0;
2018;Threat;7.0;;  180;3.0; 2 270;  56; 3 910;104.0; 2 768;73.0; 1 209;35.0;  346;14.0;61.0;2.0;;
2018;Damage to property;2.0;;  21;1.0;  904;  25; 1 005;42.0;  479;17.0;  170;9.0;  36;4.0;4.0;1.0;1.0;
2018;Prevention of performance;2.0;;  13;;  886;  29; 1 178;31.0;  512;21.0;  216;10.0;  42;2.0;6.0;;1.0;
2018;Contrary to the measures for family protection;1.0;;  19;2.0;  541;  14; 1 620;25.0; 1 776;40.0;  817;26.0;  249;8.0;66.0;4.0;1.0;
2018;Other crimes;36.0;2.0;  634;18.0; 7 363;  439; 13 898;708.0; 9 908;568.0; 4 588;278.0; 1 352;76.0;229.0;13.0;4.0;
2018;Unknown;1.0;;2;;19;;29;3.0;19;;  11 ;;4;;;;;
2017;Homicide;52.0;3.0;  524;6.0; 2 324;  40; 2 733;61.0; 1 318;28.0;  627;15.0;  253;7.0;54.0;1.0;2.0;
2017;Assault;40.0;3.0;  387;6.0; 6 741;  137; 9 453;248.0; 5 641;180.0; 2 704;71.0;  753;16.0;149.0;6.0;4.0;
2017;Sexual crimes;238.0;1.0;  638;5.0; 1 374;  7; 1 321;19.0;  810;14.0;  451;6.0;  220;;66.0;1.0;5.0;
2017;Kidnapping;25.0;;  116;3.0;  946;  24; 1 052;36.0;  454;30.0;  179;10.0;  50;5.0;12.0;2.0;;
2017;Defamation;1.0;;  1;1.0;  660;  44; 1 263;67.0; 1 019;51.0;  513;32.0;  123;7.0;27.0;3.0;;
2017;Theft;716.0;43.0; 4 298;140.0; 15 710;  857; 9 554;667.0; 3 346;382.0; 1 058;147.0;  238;32.0;27.0;6.0;3.0;
2017;Robbery;454.0;5.0; 2 172;19.0; 4 935;  104; 3 216;77.0;  993;34.0;  220;10.0;  39;1.0;4.0;;2.0;
2017;Swindling;1.0;;  20;1.0;  699;  46; 1 965;80.0; 1 783;79.0;  735;44.0;  234;16.0;37.0;5.0;;
2017;Production and commerce of drugs;53.0;4.0;  670;30.0; 4 808;  165; 5 606;240.0; 2 527;129.0;  911;77.0;  274;24.0;40.0;10.0;;
2017;Use and purchase of drugs;4.0;1.0;  203;6.0; 3 310;  74; 2 474;39.0;  606;12.0;  159;;  30;;3.0;;1.0;
2017;Forgery;2.0;;  42;10.0; 1 151;  68; 3 060;101.0; 2 503;79.0; 1 167;57.0;  269;13.0;42.0;2.0;;
2017;Bad treatment;;;  2;;  7;  7;  17;7.0;  15;9.0;  13;5.0;  1;;;;;
2017;Embezzlement;;;;;  2;  2;  41;3.0;  51;4.0;  60;;  10;1.0;2.0;;;
2017;Bribery;;;;;  30;  1;  42;1.0;  46;1.0;  24;1.0;  5;;1.0;;;
2017;Smuggling;2.0;;  24;; 1 143;  14; 2 164;37.0; 1 601;51.0;  874;28.0;  295;25.0;52.0;3.0;;
2017;Traffic crimes;1.0;;  4;;  643;  5; 1 811;40.0; 1 647;17.0;  982;1.0;  263;;15.0;;;
2017;Forestry crimes;;;  1;;  30;;  91;;  136;1.0;  115;3.0;  71;2.0;32.0;;;
2017;Crimes related with firearms and knifes;3.0;;  18;1.0; 1 333;  15; 2 109;19.0; 1 232;10.0;  511;2.0;  150;3.0;38.0;1.0;;
2017;Opposition  to the  Bankruptcy   and Enforcement Law;;;;;  759;  56; 4 705;215.0; 5 801;330.0; 3 312;188.0; 1 058;58.0;199.0;13.0;1.0;
2017;Opposition to the Military Criminal Law;1.0;;  1;;  769;;  111;;  21;;  3;;  1;;;;;
2017;Threat;6.0;;  154;4.0; 1 851;  26; 3 004;61.0; 1 929;59.0;  851;18.0;  221;8.0;42.0;1.0;;
2017;Damage to property;2.0;;  22;;  854;  26;  802;22.0;  298;7.0;  99;10.0;  28;1.0;7.0;;;
2017;Prevention of performance;;;  21;;  769;  14;  857;37.0;  450;17.0;  167;10.0;  36;1.0;;1.0;;
2017;Contrary to the measures for family protection;1.0;;  13;;  535;  9; 1 518;32.0; 1 639;33.0;  753;12.0;  194;4.0;51.0;;1.0;
2017;Other crimes;30.0;1.0;  533;16.0; 6 081;  388; 10 254;513.0; 6 944;371.0; 3 166;195.0;  931;58.0;160.0;18.0;2.0;1.0
2016;Homicide;46.0;2.0;  412;12.0; 2 076;  49; 2 544;44.0; 1 244;38.0;  645;11.0;  257;6.0;58.0;;;
2016;Assault;33.0;;  325;1.0; 5 870;  129; 8 300;184.0; 5 240;162.0; 2 451;73.0;  683;17.0;111.0;7.0;;
2016;Sexual crimes;238.0;;  668;5.0; 1 438;  7; 1 383;13.0;  863;17.0;  538;9.0;  239;2.0;86.0;;3.0;
2016;Kidnapping;18.0;;  105;4.0; 1 022;  36; 1 091;34.0;  460;27.0;  185;21.0;  55;7.0;8.0;2.0;;
2016;Defamation;;;  11;1.0;  662;  28; 1 251;66.0; 1 008;59.0;  467;32.0;  119;7.0;18.0;1.0;;
2016;Theft;466.0;19.0; 3 041;105.0; 13 088;  668; 8 508;654.0; 3 154;364.0; 1 097;167.0;  243;46.0;31.0;4.0;2.0;
2016;Robbery;382.0;7.0; 1 882;29.0; 3 772;  85; 2 438;69.0;  765;36.0;  180;18.0;  26;2.0;1.0;;;1.0
2016;Swindling;;;  17;;  675;  51; 1 790;95.0; 1 491;66.0;  720;45.0;  181;16.0;32.0;;;
2016;Production and commerce of drugs;35.0;4.0;  463;33.0; 4 131;  163; 5 353;209.0; 2 475;158.0; 1 032;81.0;  298;24.0;53.0;3.0;;
2016;Use and purchase of drugs;;;  68;2.0; 1 913;  43; 1 272;19.0;  352;8.0;  95;;  20;1.0;4.0;;;
2016;Forgery;2.0;;  38;3.0; 1 079;  56; 2 730;103.0; 2 293;62.0; 1 092;39.0;  254;7.0;27.0;2.0;;
2016;Bad treatment;;;;;  6;;  21;2.0;  13;3.0;  8;;  3;;;;;
2016;Embezzlement;;;;;  2;  2;  39;1.0;  68;2.0;  39;;  15;;;;;
2016;Bribery;;;;;  25;  3;  50;;  28;2.0;  20;;  2;2.0;;1.0;;
2016;Smuggling;4.0;;  13;;  666;  3; 1 386;13.0;  959;21.0;  590;13.0;  170;4.0;36.0;;;
2016;Traffic crimes;;;;;  428;  5; 1 134;13.0; 1 037;10.0;  646;1.0;  135;;6.0;;;
2016;Forestry crimes;;;  4;;  26;;  63;3.0;  89;;  76;;  31;;11.0;;;
2016;Crimes related with firearms and knifes;;;  16;;  964;  11; 1 654;15.0;  957;11.0;  392;4.0;  114;1.0;25.0;;;
2016;Opposition  to the  Bankruptcy   and Enforcement Law;;;;;  806;  63; 4 977;246.0; 5 971;313.0; 3 493;181.0; 1 128;71.0;223.0;12.0;4.0;
2016;Opposition to the Military Criminal Law;;;;;  623;;  68;;  16;;  1;;;;;;;
2016;Threat;7.0;;  182;8.0; 1 891;  47; 3 517;77.0; 2 377;63.0; 1 103;39.0;  269;8.0;45.0;2.0;;
2016;Damage to property;2.0;;  17;;  951;  16;  809;35.0;  378;25.0;  139;9.0;  34;3.0;10.0;;;
2016;Prevention of performance;1.0;;  10;;  522;  5;  548;19.0;  280;7.0;  96;2.0;  19;2.0;;;;
2016;Contrary to the measures for family protection;2.0;;  17;;  572;  11; 1 754;34.0; 1 713;20.0;  806;10.0;  238;2.0;47.0;2.0;;
2016;Other crimes;23.0;;  412;6.0; 4 602;  226; 7 939;401.0; 5 324;245.0; 2 501;134.0;  674;43.0;106.0;4.0;2.0;1.0
2015;Homicide;69.0;4.0; 538;13.0;2 283; 49;2 746;72.0;1 389;30.0; 755;22.0; 255;6.0;72.0;;;
2015;Assault;30.0;; 355;2.0;5 749; 115;8 515;182.0;5 341;159.0;2 465;63.0; 630;13.0;106.0;1.0;4.0;
2015;Sexual crimes;228.0;; 597;4.0;1 470; 11;1 334;16.0; 911;11.0; 464;9.0; 215;3.0;62.0;;5.0;
2015;Kidnapping;20.0;; 95;3.0; 883; 25; 974;23.0; 438;14.0; 162;12.0; 37;1.0;15.0;;;
2015;Defamation;;; 8;1.0; 553; 31;1 064;57.0; 806;48.0; 421;29.0; 99;11.0;14.0;1.0;;
2015;Theft;466.0;31.0;2 937;128.0;12 352; 699;8 114;616.0;2 955;349.0;1 009;116.0; 242;32.0;29.0;6.0;12.0;
2015;Robbery;319.0;6.0;1 899;21.0;4 025; 89;2 534;71.0; 804;48.0; 174;8.0; 38;1.0;3.0;2.0;3.0;
2015;Swindling;;;;; 466; 47;1 322;65.0;1 124;54.0; 486;30.0; 142;9.0;21.0;2.0;11.0;1.0
2015;Production and commerce of drugs;28.0;3.0; 376;18.0;3 289; 144;4 459;178.0;2 214;129.0; 919;50.0; 271;17.0;42.0;5.0;1.0;
2015;Use and purchase of drugs;;; 24;1.0;1 728; 32;1 275;21.0; 334;8.0; 81;; 26;2.0;;;;
2015;Forgery;3.0;; 46;3.0; 879; 62;2 302;69.0;1 873;48.0; 811;24.0; 191;5.0;16.0;3.0;1.0;
2015;Bad treatment;;;;; 2;; 16;5.0; 20;3.0; 7;1.0;;;;;;
2015;Embezzlement;;;;; 3; 1; 51;4.0; 87;2.0; 55;2.0; 12;;;;;
2015;Bribery;;;;; 14; 3; 24;; 22;1.0; 15;2.0; 2;1.0;;;;
2015;Smuggling;1.0;; 13;; 531; 5;1 174;8.0; 799;6.0; 424;13.0; 167;5.0;18.0;3.0;1.0;
2015;Traffic crimes;2.0;; 2;; 290; 4; 865;15.0; 824;6.0; 449;1.0; 118;;8.0;;;
2015;Forestry crimes;;;;; 17;; 85;2.0; 91;; 70;1.0; 39;3.0;9.0;;;
2015;Crimes related with firearms and knifes;1.0;; 18;1.0; 950; 5;1 728;15.0; 963;10.0; 396;5.0; 112;2.0;20.0;;;
2015;Opposition  to the  Bankruptcy   and Enforcement Law;;;;; 602; 58;3 782;184.0;4 452;225.0;2 573;124.0; 808;35.0;170.0;5.0;6.0;
2015;Opposition to the Military Criminal Law;;;;; 350;; 44;; 13;; 1;;;;;;;
2015;Threat;5.0;; 176;2.0;1 525; 34;2 859;52.0;1 985;55.0; 818;21.0; 242;2.0;30.0;2.0;;
2015;Damage to property;5.0;; 34;; 897; 29; 793;28.0; 332;17.0; 127;8.0; 23;2.0;12.0;;1.0;
2015;Prevention of performance;1.0;; 14;; 459; 13; 592;15.0; 245;5.0; 100;1.0; 22;1.0;2.0;;;
2015;Contrary to the measures for family protection;2.0;; 35;; 649; 8;1 690;27.0;1 743;18.0; 777;19.0; 219;7.0;50.0;;2.0;
2015;Other crimes;28.0;4.0; 366;7.0;3 820; 201;6 445;298.0;4 334;191.0;2 096;107.0; 601;47.0;113.0;5.0;1.0;1.0
2014;Homicide;56.0;2.0; 514;9.0;2 376; 49;2 979;70.0;1 641;32.0; 780;15.0; 284;6.0;73.0;1.0;;
2014;Assault;28.0;1.0; 315;2.0;5 756; 104;8 774;183.0;5 603;165.0;2 779;79.0; 832;25.0;148.0;8.0;4.0;
2014;Sexual crimes;210.0;; 623;3.0;1 584; 5;1 421;19.0; 904;13.0; 456;15.0; 215;;61.0;2.0;3.0;
2014;Kidnapping;29.0;; 94;4.0;1 113; 11;1 294;38.0; 508;26.0; 182;13.0; 58;3.0;10.0;1.0;2.0;
2014;Defamation;;; 10;; 483; 18;1 143;40.0; 932;44.0; 517;15.0; 174;10.0;41.0;1.0;;
2014;Theft;366.0;30.0;2 728;94.0;11 988; 638;8 257;636.0;3 265;355.0;1 060;143.0; 261;37.0;31.0;9.0;9.0;
2014;Robbery;235.0;8.0;1 240;18.0;3 288; 62;2 195;71.0; 646;35.0; 171;6.0; 30;;3.0;1.0;3.0;
2014;Swindling;;;;; 439; 36;1 234;82.0;1 075;48.0; 521;28.0; 123;15.0;20.0;2.0;8.0;
2014;Production and commerce of drugs;26.0;2.0; 317;8.0;3 152; 124;4 343;154.0;2 147;95.0; 921;50.0; 272;14.0;42.0;3.0;2.0;
2014;Use and purchase of drugs;4.0;; 19;;1 233; 26; 972;22.0; 285;5.0; 76;1.0; 24;1.0;1.0;;;
2014;Forgery;3.0;; 36;2.0; 954; 67;2 527;105.0;2 084;77.0;1 003;23.0; 225;5.0;26.0;;;
2014;Bad treatment;;;;; 5; 1; 13;3.0; 24;1.0; 16;1.0; 3;;;;;
2014;Embezzlement;;;;; 4; 2; 61;8.0; 159;12.0; 100;1.0; 21;;;;;
2014;Bribery;;; 1;; 27; 2; 50;1.0; 42;; 29;1.0; 8;;1.0;;;
2014;Smuggling;1.0;; 11;; 445; 5;1 129;9.0; 806;13.0; 479;8.0; 141;3.0;18.0;;1.0;
2014;Traffic crimes;;; 4;; 189; 2; 593;3.0; 545;2.0; 304;; 97;;5.0;;;
2014;Forestry crimes;;; 2;; 21; 1; 87;; 124;3.0; 126;5.0; 65;1.0;33.0;4.0;;
2014;Crimes related with firearms and knifes;;; 18;;1 048; 6;1 933;11.0;1 137;8.0; 535;4.0; 168;;42.0;;;
2014;Opposition  to the  Bankruptcy   and Enforcement Law;;;;; 615; 55;4 013;174.0;4 769;182.0;2 870;127.0; 963;26.0;217.0;7.0;3.0;
2014;Opposition to the Military Criminal Law;;;;; 196;; 37;; 9;; 1;; 1;;;;;
2014;Threat;3.0;; 98;1.0;1 307; 11;2 515;38.0;1 633;33.0; 834;17.0; 206;5.0;25.0;1.0;1.0;
2014;Damage to property;3.0;; 11;2.0; 910; 25; 855;21.0; 366;22.0; 161;9.0; 45;2.0;17.0;;1.0;
2014;Prevention of performance;3.0;; 8;1.0; 524; 10; 651;15.0; 324;8.0; 117;5.0; 25;1.0;2.0;;;1.0
2014;Contrary to the measures for family protection;;; 41;1.0; 572; 14;1 518;22.0;1 589;26.0; 739;7.0; 209;7.0;44.0;2.0;13.0;
2014;Other crimes;15.0;3.0; 323;9.0;4 288; 236;7 128;361.0;4 911;308.0;2 250;141.0; 693;51.0;205.0;7.0;1.0;
2013;Homicide;68.0;2.0; 372;8.0;1 533; 37;2 097;58.0;1 293;33.0; 713;10.0; 236;3.0;67.0;1.0;3.0;
2013;Assault;107.0;1.0; 572;8.0;6 888; 124;10 367;208.0;6 727;174.0;3 309;92.0; 992;24.0;214.0;7.0;4.0;
2013;Sexual crimes;166.0;; 416;2.0;1 038; 10;1 108;11.0; 728;24.0; 403;15.0; 161;3.0;52.0;;6.0;
2013;Kidnapping;12.0;; 86;1.0; 802; 13; 890;19.0; 356;19.0; 127;17.0; 28;2.0;8.0;2.0;1.0;
2013;Defamation;9.0;; 34;4.0; 550; 20;1 164;47.0;1 012;56.0; 562;22.0; 144;8.0;40.0;4.0;;
2013;Theft;367.0;23.0;1 720;57.0;8 897; 444;6 344;460.0;2 436;296.0; 861;131.0; 192;45.0;30.0;9.0;29.0;2.0
2013;Robbery;150.0;3.0; 728;11.0;2 046; 59;1 273;46.0; 404;19.0; 98;2.0; 21;3.0;;;14.0;
2013;Swindling;;;;; 283; 27; 862;45.0; 756;41.0; 314;13.0; 85;7.0;17.0;1.0;11.0;1.0
2013;Production and commerce of drugs;42.0;; 272;10.0;2 349; 71;3 274;106.0;1 739;76.0; 857;47.0; 257;12.0;45.0;3.0;14.0;3.0
2013;Use and purchase of drugs;11.0;; 57;3.0;1 197; 27; 976;10.0; 263;3.0; 104;1.0; 20;1.0;1.0;;;
2013;Forgery;5.0;1.0; 43;5.0; 837; 49;2 307;80.0;1 949;43.0; 902;25.0; 203;6.0;30.0;3.0;4.0;
2013;Bad treatment;;;;; 6; 1; 22;4.0; 37;1.0; 18;2.0; 7;;;;;
2013;Embezzlement;;;;; 5; 3; 82;7.0; 184;4.0; 101;3.0; 23;;4.0;;;
2013;Bribery;;;;; 30; 3; 77;1.0; 79;4.0; 46;; 8;;3.0;;;
2013;Smuggling;5.0;; 23;; 385;;1 035;5.0; 869;10.0; 491;7.0; 167;4.0;25.0;;1.0;
2013;Traffic crimes;1.0;; 5;; 171; 1; 422;3.0; 344;2.0; 173;; 37;;2.0;;;
2013;Forestry crimes;1.0;; 4;; 45;; 152;2.0; 173;7.0; 196;15.0; 136;6.0;74.0;2.0;1.0;
2013;Crimes related with firearms and knifes;24.0;; 68;1.0;1 712; 8;3 634;19.0;2 140;8.0; 947;11.0; 307;3.0;81.0;;;
2013;Opposition  to the  Bankruptcy   and Enforcement Law;;;;; 934; 48;5 388;222.0;6 359;223.0;3 770;118.0;1 263;43.0;260.0;6.0;62.0;5.0
2013;Opposition to the Military Criminal Law;;;;; 197;; 24;; 4;; 1;;;;;;24.0;
2013;Threat;17.0;; 65;; 965; 11;1 968;27.0;1 473;29.0; 669;20.0; 203;2.0;42.0;2.0;1.0;
2013;Damage to property;22.0;2.0; 76;2.0;1 237; 33;1 117;42.0; 569;37.0; 263;27.0; 63;8.0;22.0;2.0;1.0;
2013;Prevention of performance;4.0;; 23;1.0; 605; 14; 801;19.0; 380;16.0; 147;3.0; 36;5.0;3.0;;1.0;
2013;Contrary to the measures for family protection;28.0;2.0; 47;4.0; 520; 13;1 561;25.0;1 476;24.0; 768;8.0; 169;3.0;54.0;1.0;17.0;
2013;Other crimes;63.0;1.0; 254;13.0;3 384; 158;5 770;312.0;4 144;220.0;2 082;147.0; 746;47.0;292.0;16.0;6.0;
2012;Homicide;46.0;3.0;  315;10.0; 1 648;  40; 2 064;66.0; 1 189;37.0;  683 ;14.0;232;1.0;72.0;1.0;13.0;
2012;Assault;23.0;1.0;  167;3.0; 3 911;  63; 5 346;105.0; 3 451;58.0; 1 622 ;27.0;406;8.0;90.0;1.0;22.0;1.0
2012;Sexual crimes;72.0;;  241;;  607;  6;  586;6.0;  365;11.0;  202 ;6.0;74;2.0;31.0;1.0;47.0;1.0
2012;Kidnapping;5.0;;  31;1.0;  343;  9;  312;5.0;  114;5.0;  56 ;2.0;10;;3.0;;5.0;1.0
2012;Defamation;1.0;;  2;;  299;  14;  560;18.0;410;23.0;  247 ;12.0;55;2.0;17.0;1.0;6.0;
2012;Theft;97.0;10.0;  841;42.0; 4 944;  203; 3 354;222.0; 1 406;109.0;  511 ;43.0;112;8.0;27.0;1.0;28.0;
2012;Robbery;135.0;1.0;  650;11.0; 1 471;  32;  910;44.0;  288;14.0;  82 ;5.0;6;1.0;1.0;;15.0;1.0
2012;Opposition to cheque laws;;;;;  63;  3;  250;17.0;  229;10.0;  94 ;3.0;26;5.0;3.0;1.0;3.0;
2012;Swindling;;;;;  207;  15;  678;26.0;  589;29.0;  247 ;16.0;71;5.0;8.0;;33.0;2.0
2012;Production and commerce of drugs;16.0;1.0;  108;2.0; 1 570;  37; 2 408;63.0; 1 210;39.0;  506 ;19.0;144;9.0;12.0;1.0;17.0;
2012;Use and purchase of drugs;;;  12;2.0;  789;  18;  645;19.0;  230;2.0;  70 ;1.0;19;;3.0;;2.0;
2012;Forgery;1.0;;  22;3.0;  589;  30; 1 346;52.0; 1 156;24.0;  487 ;14.0;96;4.0;7.0;;23.0;
2012;Bad treatment;;;;;  3;;  26;2.0;  18;2.0;  8 ;2.0;5;;;;;
2012;Embezzlement;;;;;  8;  3;  55;;  107;2.0;  48 ;1.0;;;;;5.0;
2012;Bribery;;;;;  6;  1;  19;1.0;  19;1.0;  7 ;1.0;;;1.0;;;
2012;Smuggling;1.0;;  4;;  171;;  439;2.0;296;2.0;  157 ;3.0;49;;7.0;1.0;4.0;
2012;Traffic crimes;;;  1;;  125;  1;  253;3.0;260;2.0;  127 ;;18;;2.0;;1.0;
2012;Forestry crimes;;;;;  26;;  85;;93;1.0;  104 ;;58;1.0;17.0;;3.0;
2012;Crimes related with firearms and knifes;;;  20;; 1 137;  6; 2 281;17.0;1255;8.0;  510 ;3.0;141;4.0;35.0;;7.0;1.0
2012;Opposition  to the  Bankruptcy   and Enforcement Law;;;;; 1 122;  101; 8 378;409.0; 10 308;498.0; 6 569 ;328.0; 2 148;112.0;400.0;12.0;128.0;5.0
2012;Opposition to the Military Criminal Law;;;;; 2 771;;  267;1.0;47;;  8 ;;2;;;;16.0;
2012;Other crimes;11.0;;  156;1.0; 3 941;  149; 5 951;188.0; 4 116;145.0; 1 774 ;57.0;454;13.0;89.0;8.0;73.0;4.0
2011;Homicide;24.0;1.0;  239;11.0;  826;  32;  981;36.0;  602;24.0;  321 ;9.0;92;5.0;33.0;;240.0;8.0
2011;Assault;12.0;;  126;1.0; 1 941;  24; 2 524;55.0; 1 478;37.0;  708 ;25.0;168;4.0;35.0;1.0;738.0;8.0
2011;Sexual crimes;11.0;;  58;;  230;  1;  208;6.0;  127;3.0;  79 ;2.0;27;;7.0;1.0;66.0;2.0
2011;Kidnapping;3.0;1.0;  37;;  229;  5;  237;10.0;  94;5.0;  30 ;6.0;11;1.0;5.0;;47.0;2.0
2011;Defamation;;;  3;;  138;  5;  321;12.0;231;12.0;  132 ;5.0;22;1.0;7.0;1.0;101.0;2.0
2011;Theft;63.0;4.0;  396;14.0; 2 150;  92; 1 655;98.0;  864;65.0;  356 ;30.0;109;8.0;14.0;2.0;505.0;20.0
2011;Robbery;85.0;;  405;8.0;  857;  27;  491;17.0;  121;4.0;  25 ;3.0;6;;1.0;;171.0;4.0
2011;Opposition to cheque laws;;;;;  599;  59; 2 548;185.0; 2 648;149.0; 1 180 ;56.0;302;24.0;53.0;4.0;1088.0;51.0
2011;Swindling;;;;;  113;  13;  391;20.0;  299;13.0;  112 ;8.0;35;3.0;7.0;;87.0;2.0
2011;Production and commerce of drugs;10.0;;  32;1.0;  666;  16; 1 036;38.0;  520;24.0;  244 ;6.0;63;2.0;9.0;1.0;134.0;9.0
2011;kullanma, satın alma;;;;;;;;;;;;;;;;;;
2011;Use and purchase of drugs;;;  2;;  525;  6;  488;10.0;  159;;  41 ;;7;;1.0;;80.0;1.0
2011;Forgery;;;  4;;  289;  13;  717;23.0;  549;20.0;  224 ;5.0;41;2.0;6.0;3.0;174.0;7.0
2011;Bad treatment;;;;;  4;;  14;1.0;  20;;  8 ;;4;;;1.0;8.0;1.0
2011;Embezzlement;;;;;  1;;  15;3.0;  33;2.0;  12 ;;2;;;;16.0;3.0
2011;Bribery;;;;;  1;;  6;1.0;  3;;  2 ;;;;;;;
2011;Smuggling;;;  3;;  178;;  289;1.0;185;2.0;  98 ;;24;;7.0;;94.0;
2011;Traffic crimes;;;;;  50;;  134;;121;;  72 ;2.0;16;;1.0;;57.0;
2011;Forestry crimes;;;;;  20;;  72;;74;2.0;  60 ;2.0;39;;6.0;;33.0;1.0
2011;Crimes related with firearms and knifes;1.0;;  9;;  639;  5; 1 145;10.0;594;3.0;  233 ;1.0;53;;26.0;;308.0;1.0
2011;Opposition  to the  Bankruptcy   and Enforcement Law;;;;;  703;  101; 5 777;333.0; 7 498;484.0; 4 952 ;277.0; 1 566;72.0;347.0;18.0;2569.0;108.0
2011;Opposition to the Military Criminal Law;;;;; 2 328;;  255;;50;;  7 ;;;;;;341.0;
2011;Other crimes;8.0;;  91;2.0; 2 246;  107; 2 716;130.0; 1 556;53.0;  573 ;32.0;160;11.0;40.0;3.0;874.0;33.0
